Path,Pitch,RMSE,PercentSilence,FrequencyMagnitude
E:/Learn/tool_instrument_voice_recognition/src/File âm thanh/1 máy sấy tóc/may_say_toc_1.wav,"[41.0105, 80.53759, 78.17408, 79.63045, 78.884094, 80.22667, 80.14571]","[52.480352808569755, 6.295327728661332, 3.6278046603824587, 3.843097218001882, 7.780515449953133, 5.244177334922521, 7.7701177481295804]","[18.498866213151928, 48.49433106575963, 47.73242630385488, 48.29478458049886, 49.88208616780045, 49.55555555555555, 51.25170068027211]","[(6044, 752.2972848700547), (25529, 144.3187829958743), (45436, 66.06745432748225), (70831, 37.561908261746865), (108914, 66.06745432748225), (128821, 144.3187829958743), (148306, 752.2972848700547)]"
